filename,category,group,sku,brand,name,price_thb,price_date,source_url,image_url,license,notes
ballpoint_pen/monami_flip_07_pastel_green.jpg,ballpoint_pen,ปากกาและอุปกรณ์เสริม,b2s_1092466,Monami,ปากกาลูกลื่น Monami รุ่น ฟลิป สีเขียวพาสเทล ขนาด 0.7 มม.,79,2026-09-27,https://www.b2s.co.th/product/ปากกาลูกลื่น-monami-รุ่น-ฟลิป-สีเขียวพาสเทล-ขนาด-0-7-มม-p.1092466,https://pim-cdn0.ofm.co.th/products/large/1092466.jpg,© B2S/OfficeMate - educational use only,
ballpoint_pen/pentel_feelit_07_orange_blue.jpg,ballpoint_pen,ปากกาและอุปกรณ์เสริม,b2s_1092374,Pentel,ปากกาลูกลื่น PENTEL รุ่น Feel-it ขนาด 0.7 มม.ด้ามส้มหมึกน้ำเงิน,10,2026-09-27,https://www.b2s.co.th/product/ปากกาลูกลื่น-pentel-รุ่น-feel-it-ขนาด-0-7-มม-ด้ามส้มหมึกน้ำเงิน-p.1092374,https://pim-cdn0.ofm.co.th/products/large/1092374.jpg,© B2S/OfficeMate - educational use only,
gel_pen/pentel_energel_hexagon_bl667_07_blue.jpg,gel_pen,ปากกาและอุปกรณ์เสริม,b2s_1091933,Pentel,PENTEL ปากกาเจล รุ่น Energel Hexagon BL667 สีน้ำเงิน ขนาด 0.7 มม.,590,2026-09-27,https://www.b2s.co.th/product/pentel-ปากกาเจล-รุ่น-energel-hexagon-bl667-สีน้ำเงิน-ขนาด-0-7-มม-p.1091933,https://pim-cdn0.ofm.co.th/products/large/1091933.jpg,© B2S/OfficeMate - educational use only,ราคา 590 น่าจะเป็นต่อกล่อง ควรตรวจสอบ
gel_pen/uni_umn_s_38_purple.jpg,gel_pen,ปากกาและอุปกรณ์เสริม,b2s_1092448,Uni,ปากกาเจล Uni รุ่น UMN-S-38 สีม่วง ขนาด 0.38 มม.,42,2026-09-27,https://www.b2s.co.th/product/ปากกาเจล-uni-รุ่น-umn-s-38-สีม่วง-ขนาด-0-38-มม-p.1092448,https://pim-cdn0.ofm.co.th/products/large/1092448.jpg,© B2S/OfficeMate - educational use only,
highlighter/java_duplex_highlighter_5colors.jpg,highlighter,ปากกาและอุปกรณ์เสริม,b2s_1003680,Java,ปากกาเน้นข้อความ 2 หัว (ชุด5สี) จาวา Duplex,100,2026-09-27,https://www.b2s.co.th/product/ปากกาเน้นข้อความ-2-หัว-ชุด5สี-จาวา-duplex-p.1003680,https://pim-cdn0.ofm.co.th/products/large/1003680.jpg,© B2S/OfficeMate - educational use only,
highlighter/monami_604_highlighter_4pack.jpg,highlighter,ปากกาและอุปกรณ์เสริม,b2s_1009200,Monami,ปากกาเน้นข้อความ โมนามิ x2218049900 604 คละสี (4ด้าม),98,2026-09-27,https://www.b2s.co.th/product/ปากกาเน้นข้อความ-โมนามิ-x2218049900-604-คละสี-4ด้าม-p.1009200,https://pim-cdn0.ofm.co.th/products/large/1009200.jpg,© B2S/OfficeMate - educational use only,
marker/horse_twin_marker_3pack.jpg,marker,ปากกาและอุปกรณ์เสริม,b2s_1000785,Horse,HORSE ปากกามาร์คเกอร์ รุ่น 2 หัว คละสี (แพ็ค 3 ด้าม),53,2026-09-28,https://www.b2s.co.th/product/ปากกามาร์คเกอร์-2-หัว-ตราม้า-คละสี-แพ็ค-3-ด้าม-p.1000785,https://pim-cdn0.ofm.co.th/products/large/1000785.jpg,© B2S/OfficeMate - educational use only,
marker/monami_accu_liner_07_blue.jpg,marker,ปากกาและอุปกรณ์เสริม,b2s_1008913,Monami,ปากกามาร์คเกอร์ Accu Liner 0.7มม.นง. โมนามิ X10401202X0,20,2026-09-28,https://www.b2s.co.th/product/ปากกามาร์คเกอร์-accu-liner-0-7มม-นง-โมนามิ-x10401202x0-p.1008913,https://pim-cdn0.ofm.co.th/products/large/1008913.jpg,© B2S/OfficeMate - educational use only,ปากกาหัวเข็ม (fineliner) แต่ B2S จัดเป็นปากกามาร์กเกอร์
marker/pentel_permanent_twin_marker_red.jpg,marker,ปากกาและอุปกรณ์เสริม,b2s_1092492,Pentel,ปากกามาร์คเกอร์ PENTEL  Permanent แบบ2หัว สีแดง,33,2026-09-28,https://www.b2s.co.th/product/ปากกามาร์คเกอร์-pentel-permanent-แบบ2หัว-สีแดง-p.1092492,https://pim-cdn0.ofm.co.th/products/large/1092492.jpg,© B2S/OfficeMate - educational use only,
whiteboard_marker/fabercastell_whiteboard_marker_red.jpg,whiteboard_marker,ปากกาและอุปกรณ์เสริม,b2s_1092007,Faber-Castell,ปากกาไวท์บอร์ด FABER CASTELL สีแดง,26,2026-09-28,https://www.b2s.co.th/product/ปากกาไวท์บอร์ด-faber-castell-สีแดง-p.1092007,https://pim-cdn0.ofm.co.th/products/large/1092007.jpg,© B2S/OfficeMate - educational use only,
whiteboard_marker/horse_h22_whiteboard_marker_blue_3pack.jpg,whiteboard_marker,ปากกาและอุปกรณ์เสริม,b2s_1000920,Horse,HORSE ปากกาไวท์บอร์ด รุ่น H-22 สีน้ำเงิน ขนาด 2 มม. (แพ็ค 3 ด้าม),45,2026-09-28,https://www.b2s.co.th/product/ปากกาไวท์บอร์ด-ตราม้า-h-22-น้ำเงิน-แพ็ค-3-ด้าม-p.1000920,https://pim-cdn0.ofm.co.th/products/large/1000920.jpg,© B2S/OfficeMate - educational use only,
whiteboard_marker/monami_pi220_whiteboard_marker_orange.jpg,whiteboard_marker,ปากกาและอุปกรณ์เสริม,b2s_1005836,Monami,ปากกาไวท์บอร์ด 15386A 2 มม. ส้ม โมนามิ PI-220,28,2026-09-28,https://www.b2s.co.th/product/ปากกาไวท์บอร์ด-15386a-2-มม-ส้ม-โมนามิ-pi-220-p.1005836,https://pim-cdn0.ofm.co.th/products/large/1005836.jpg,© B2S/OfficeMate - educational use only,
mechanical_pencil/pentel_ax105_cwbp_05_blue_2pack.jpg,mechanical_pencil,ดินสอและอุปกรณ์เสริม,b2s_1009802,Pentel,ชุดดินสอกด 0.5มม. ฟ้า (แพ็ค2ชิ้น) เพนเทล AX105-CWBP,33,2026-09-27,https://www.b2s.co.th/product/ชุดดินสอกด-0-5มม-ฟ้า-แพ็ค2ชิ้น-เพนเทล-ax105-cwbp-p.1009802,https://pim-cdn0.ofm.co.th/products/large/1009802.jpg,© B2S/OfficeMate - educational use only,
mechanical_pencil/rotring_tikky_05_black_2pack.jpg,mechanical_pencil,ดินสอและอุปกรณ์เสริม,b2s_1010208,Rotring,ชุดดินสอกด 0.5 มม. Rotring Tikky สีดำ (2ชิ้น/แพ็ค),140,2026-09-27,https://www.b2s.co.th/product/ชุดดินสอกด-0-5-มม-rotring-tikky-สีดำ-2ชิ้น-แพ็ค-p.1010208,https://pim-cdn0.ofm.co.th/products/large/1010208.jpg,© B2S/OfficeMate - educational use only,
sharpener/elm_s221_pencil_sharpener_machine.jpg,sharpener,ดินสอและอุปกรณ์เสริม,b2s_1091236,ELM,เครื่องเหลาดินสอปรับได้  ELM S-221-BK,339,2026-09-28,https://www.b2s.co.th/product/เครื่องเหลาดินสอปรับได้-elm-s-221-bk-p.1091236,https://pim-cdn0.ofm.co.th/products/large/1091236.jpg,© B2S/OfficeMate - educational use only,
sharpener/maped_clock_sharpener.jpg,sharpener,ดินสอและอุปกรณ์เสริม,b2s_1005909,Maped,กบเหลาดินสอ Clock Clock คละสี มาเพ็ด SH017610,66,2026-09-28,https://www.b2s.co.th/product/กบเหลาดินสอ-clock-clock-คละสี-มาเพ็ด-sh017610-p.1005909,https://pim-cdn0.ofm.co.th/products/large/1005909.jpg,© B2S/OfficeMate - educational use only,
sharpener/mestyle_strawberry_sharpener_1hole.jpg,sharpener,ดินสอและอุปกรณ์เสริม,b2s_1093329,ME.STYLE,ME.STYLE  กบเหลาดินสอ 1 รู ลายสตอเบอร์ รุ่น STRAWBERRY,19,2026-09-28,https://www.b2s.co.th/product/me-style-กบเหลาดินสอ-1-รู-ลายสตอเบอร์-รุ่น-strawberry-p.1093329,https://pim-cdn0.ofm.co.th/products/large/1093329.jpg,© B2S/OfficeMate - educational use only,
pencil_case/bella_pencil_pouch_1a.jpg,pencil_case,ดินสอและอุปกรณ์เสริม,b2s_1093288,BELLA,กระเป๋าดินสอ 21 x 14ซม. BELLA 1-A,149,2026-09-28,https://www.b2s.co.th/product/กระเป๋าดินสอ-21-x-14ซม-bella-1-a-p.1093288,https://pim-cdn0.ofm.co.th/products/large/1093288.jpg,© B2S/OfficeMate - educational use only,
pencil_case/efile_cpk32_pencil_pouch.jpg,pencil_case,ดินสอและอุปกรณ์เสริม,b2s_1007615,e-file,กระเป๋าดินสอ คละสี อี-ไฟล์ CPK32,135,2026-09-28,https://www.b2s.co.th/product/กระเป๋าดินสอ-คละสี-อี-ไฟล์-cpk32-p.1007615,https://pim-cdn0.ofm.co.th/products/large/1007615.jpg,© B2S/OfficeMate - educational use only,
pencil_case/mestyle_strawberry_pencil_pouch_1.jpg,pencil_case,ดินสอและอุปกรณ์เสริม,b2s_1093326,ME.STYLE,กระเป๋าดินสอ 1 ME.STYLE STRAWBERRY 20.5x6 ซม.,149,2026-09-28,https://www.b2s.co.th/product/กระเป๋าดินสอ-1-me-style-strawberry-20-5x6-ซม-p.1093326,https://pim-cdn0.ofm.co.th/products/large/1093326.jpg,© B2S/OfficeMate - educational use only,
eraser/montmarte_eraser_brush_2pack.jpg,eraser,ยางลบและน้ำยาลบคำผิด,b2s_K092470,Montmarte,ยางลบพร้อมแปรง Montmarte 2 แท่ง,84,2026-09-27,https://www.b2s.co.th/product/ยางลบพร้อมแปรง-montmarte-2-แท่ง-p.K092470,https://pim-cdn0.ofm.co.th/products/large/K092470.jpg,© B2S/OfficeMate - educational use only,
eraser/pentel_hipolymer_zes08_2pack.jpg,eraser,ยางลบและน้ำยาลบคำผิด,b2s_1008290,Pentel,ยางลบดินสอ (2 ก้อน/แพ็ค) เพนเทล Hi-Polymer ZES-08,40,2026-09-27,https://www.b2s.co.th/product/ยางลบดินสอ-2-ก้อน-แพ็ค-เพนเทล-hi-polymer-zes-08-p.1008290,https://pim-cdn0.ofm.co.th/products/large/1008290.jpg,© B2S/OfficeMate - educational use only,
correction_tape/faster_c649_correction_tape.jpg,correction_tape,ยางลบและน้ำยาลบคำผิด,b2s_1006045,Faster,เทปลบคำผิด 5มมx6ม. คละสี ฟาสเตอร์ C-649,45,2026-09-27,https://www.b2s.co.th/product/เทปลบคำผิด-5มมx6ม-คละสี-ฟาสเตอร์-c-649-p.1006045,https://pim-cdn0.ofm.co.th/products/large/1006045.jpg,© B2S/OfficeMate - educational use only,
correction_tape/plus_wh1205_correction_tape_white.jpg,correction_tape,ยางลบและน้ำยาลบคำผิด,b2s_1091150,Plus,เทปลบคำผิด พลัส รุ่น WH-1205 สีขาว,49,2026-09-27,https://www.b2s.co.th/product/เทปลบคำผิด-พลัส-รุ่น-wh-1205-สีขาว-p.1091150,https://pim-cdn0.ofm.co.th/products/large/1091150.jpg,© B2S/OfficeMate - educational use only,
notebook/mayflower_nh_c11_notebook_black.jpg,notebook,กระดาษ,b2s_5096597,Mayflower,สมุดบันทึก MAYFLOWERN รุ่น NH-C.11 สีดำ,30,2026-09-28,https://www.b2s.co.th/product/สมุดบันทึก-mayflowern-รุ่น-nh-c-11-สีดำ-p.5096597,https://pim-cdn0.ofm.co.th/products/large/5096597.jpg,© B2S/OfficeMate - educational use only,
notebook/ropamoda_notebook_a4_120g.jpg,notebook,กระดาษ,b2s_5096405,Ropamoda,สมุดโน๊ต Ropamoda  120แกรม 0739024แผ่น A4,195,2026-09-27,https://www.b2s.co.th/product/สมุดโน๊ต-ropamoda-120แกรม-0739024แผ่น-a4-p.5096405,https://pim-cdn0.ofm.co.th/products/large/5096405.jpeg,© B2S/OfficeMate - educational use only,
sticky_note/mestyle_bella_sticky_note_2b.jpg,sticky_note,กระดาษ,b2s_5096875,ME.STYLE,กระดาษโน้ตกาวในตัว ME.STYLE BELLA 2-B,39,2026-09-28,https://www.b2s.co.th/product/กระดาษโน้ตกาวในตัว-me-style-bella-2-b-p.5096875,https://pim-cdn0.ofm.co.th/products/large/5096875.jpg,© B2S/OfficeMate - educational use only,
sticky_note/mestyle_strawberry_sticky_note_1b.jpg,sticky_note,กระดาษ,b2s_5096929,ME.STYLE,ME.STYLE ชุดกระดาษโน้ตกาวในตัว รุ่น STRAWBERRY 1-B สีชมพู,39,2026-09-28,https://www.b2s.co.th/product/me-style-ชุดกระดาษโน้ตกาวในตัว-รุ่น-strawberry-1-b-สีชมพู-p.5096929,https://pim-cdn0.ofm.co.th/products/large/5096929.jpg,© B2S/OfficeMate - educational use only,
sticky_note/mestyle_strawberry_sticky_note_2b.jpg,sticky_note,กระดาษ,b2s_5096930,ME.STYLE,ME.STYLE ชุดกระดาษโน้ตกาวในตัว รุ่น STRAWBERRY 2-B สีขาว-ชมพู,39,2026-09-28,https://www.b2s.co.th/product/me-style-ชุดกระดาษโน้ตกาวในตัว-รุ่น-strawberry-2-b-สีขาว-ชมพู-p.5096930,https://pim-cdn0.ofm.co.th/products/large/5096930.jpg,© B2S/OfficeMate - educational use only,
ruler/inca_ruler_steel_18in.jpg,ruler,อุปกรณ์วัด,b2s_1092396,INCA,ไม้บรรทัดฟุตเหล็ก INCA ขนาด 18 นิ้ว,91,2026-09-27,https://www.b2s.co.th/product/ไม้บรรทัดฟุตเหล็ก-inca-ขนาด-18-นิ้ว-p.1092396,https://pim-cdn0.ofm.co.th/products/large/1092396.jpg,© B2S/OfficeMate - educational use only,
ruler/pk_ruler_plastic_12in_022.png,ruler,อุปกรณ์วัด,b2s_1091301,P.K.,ไม้บรรทัดพลาสติก พี.เค. สีใส 12นิ้ว #022,4,2026-09-27,https://www.b2s.co.th/product/ไม้บรรทัดพลาสติก-พี-เค-สีใส-12นิ้ว-022-p.1091301,https://pim-cdn0.ofm.co.th/products/large/1091301.png,© B2S/OfficeMate - educational use only,
compass/maped_compass_set_3pcs.jpg,compass,อุปกรณ์วัด,b2s_K090972,Maped,ชุดวงเวียน MAPED 3 ชิ้นโลหะพิเศษ,107,2026-09-28,https://www.b2s.co.th/product/ชุดวงเวียน-maped-3-ชิ้นโลหะพิเศษ-p.K090972,https://pim-cdn0.ofm.co.th/products/large/K090972.jpg,© B2S/OfficeMate - educational use only,
compass/maped_graphic_compass.jpg,compass,อุปกรณ์วัด,b2s_K090974,Maped,วงเวียน MAPED GRAPHIC,62,2026-09-28,https://www.b2s.co.th/product/วงเวียน-maped-graphic-p.K090974,https://pim-cdn0.ofm.co.th/products/large/K090974.jpg,© B2S/OfficeMate - educational use only,
compass/radius_compass_set_blue.jpg,compass,อุปกรณ์วัด,b2s_K090929,Radius,ชุดวงเวียนพลาสติก RADIUS สีฟ้า,95,2026-09-28,https://www.b2s.co.th/product/ชุดวงเวียนพลาสติก-radius-สีฟ้า-p.K090929,https://pim-cdn0.ofm.co.th/products/large/K090929.jpg,© B2S/OfficeMate - educational use only,
scissors/scotch_precision_1448_8in.jpg,scissors,อุปกรณ์ตัด,b2s_2071790,Scotch,SCOTCH กรรไกร รุ่น Precision 1448 สีแดง-เทา 8 นิ้ว,235,2026-09-27,https://www.b2s.co.th/product/scotch-กรรไกร-รุ่น-precision-1448-สีแดง-เทา-8-นิ้ว-p.2071790,https://pim-cdn0.ofm.co.th/products/large/2071790.jpg,© B2S/OfficeMate - educational use only,
scissors/scotch_precision_ultra_edge_1468tuns_8in.jpg,scissors,อุปกรณ์ตัด,b2s_2072020,Scotch,กรรไกร 8 นิ้ว สก๊อตช์ Precision Ultra Edge 1468TUNS,295,2026-09-27,https://www.b2s.co.th/product/กรรไกร-8-นิ้ว-สก๊อตช์-precision-ultra-edge-1468tuns-p.2072020,https://pim-cdn0.ofm.co.th/products/large/2072020.jpg,© B2S/OfficeMate - educational use only,
cutter/scotch_cutter_45l_black.jpg,cutter,อุปกรณ์ตัด,b2s_2003432,Scotch,มีดคัตเตอร์ 45L ดำ สก๊อตช์ XP002024089,135,2026-09-28,https://www.b2s.co.th/product/มีดคัตเตอร์-45l-ดำ-สก๊อตช์-xp002024089-p.2003432,https://pim-cdn0.ofm.co.th/products/large/2003432.jpg,© B2S/OfficeMate - educational use only,
cutter/scotch_titanium_cutter_l.jpg,cutter,อุปกรณ์ตัด,b2s_2002894,Scotch,มีดคัตเตอร์ ไทเทเนียม 3M Size L Scotch XP002015285,199,2026-09-28,https://www.b2s.co.th/product/มีดคัตเตอร์-ไทเทเนียม-3m-size-l-scotch-xp002015285-p.2002894,https://pim-cdn0.ofm.co.th/products/large/2002894.jpg,© B2S/OfficeMate - educational use only,
cutter/sdi_0443c_cutter_white.jpg,cutter,อุปกรณ์ตัด,b2s_2003391,SDI,มีดคัตเตอร์อเนกประสงค์ ขาว SDI 0443C,145,2026-09-28,https://www.b2s.co.th/product/มีดคัตเตอร์อเนกประสงค์-ขาว-sdi-0443c-p.2003391,https://pim-cdn0.ofm.co.th/products/large/2003391.jpg,© B2S/OfficeMate - educational use only,
glue/elmers_glue_stick_8g.jpg,glue,กาว & เทป,b2s_3090269,Elmer's,กาวแท่ง เอลเมอร์  เนื้อกาวขาว 8กรัม,33,2026-09-28,https://www.b2s.co.th/product/กาวแท่ง-เอลเมอร์-เนื้อกาวขาว-8กรัม-p.3090269,https://pim-cdn0.ofm.co.th/products/large/3090269.jpg,© B2S/OfficeMate - educational use only,
glue/montmarte_liquid_glue_147ml.jpg,glue,กาว & เทป,b2s_K091913,Mont Marte,MONT MARTE กาวน้ำ ขนาด 147 มล.,112,2026-09-28,https://www.b2s.co.th/product/mont-marte-กาวน้ำ-ขนาด-147-มล-p.K091913,https://pim-cdn0.ofm.co.th/products/large/K091913.jpg,© B2S/OfficeMate - educational use only,
glue/scotch_6008_glue_stick_7g.jpg,glue,กาว & เทป,b2s_3011150,Scotch,กาวแท่ง 7.08 กรัม ขาว สก๊อตช์ 6008,29,2026-09-28,https://www.b2s.co.th/product/กาวแท่ง-7-08-กรัม-ขาว-สก๊อตช์-6008-p.3011150,https://pim-cdn0.ofm.co.th/products/large/3011150.jpg,© B2S/OfficeMate - educational use only,
clear_tape/scotch_500_clear_tape_1_2in_9pack.jpg,clear_tape,กาว & เทป,b2s_3101210,Scotch,SCOTCH เทปใส รุ่น 500 ขนาด 1/2 นิ้ว x 36 หลา แกน 1 นิ้ว (แพ็ค 9 ม้วน),214,2026-09-28,https://www.b2s.co.th/product/scotch-เทปใส-รุ่น-500-ขนาด-1-2-นิ้ว-x-36-หลา-แกน-1-นิ้ว-แพ็ค-9-ม้วน-p.3101210,https://pim-cdn0.ofm.co.th/products/large/3101210.jpg,© B2S/OfficeMate - educational use only,
clear_tape/scotch_500_clear_tape_1in_7pack.jpg,clear_tape,กาว & เทป,b2s_3090256,Scotch,"SCOTCH เทปใส รุ่น 500 แกน 1 นิ้ว ขนาด 1"" x 36 หลา แพ็ค 7 ม้วน",266,2026-09-28,https://www.b2s.co.th/product/scotch-เทปใส-รุ่น-500-แกน-1-นิ้ว-ขนาด-1-x-36-หลา-แพ็ค-7-ม้วน-p.3090256,https://pim-cdn0.ofm.co.th/products/large/3090256.jpg,© B2S/OfficeMate - educational use only,
clear_tape/scotch_500_clear_tape_3_4in_6pack.jpg,clear_tape,กาว & เทป,b2s_3101160,Scotch,SCOTCH เทปใส รุ่น 500 แกน 1 นิ้ว ขนาด 3/4 นิ้ว x 36 หลา (แพ็ค 6 ม้วน),226,2026-09-28,https://www.b2s.co.th/product/scotch-เทปใส-รุ่น-500-แกน-1-นิ้ว-ขนาด-3-4-นิ้ว-x-36-หลา-แพ็ค-6-ม้วน-p.3101160,https://pim-cdn0.ofm.co.th/products/large/3101160.jpg,© B2S/OfficeMate - educational use only,
colored_pencil/fabercastell_watercolor_pencil_48colors.png,colored_pencil,ศิลปะและงานฝีมือ,b2s_K091420,Faber-Castell,สีไม้ระบายน้ำ FABER CASTELL  48 สี,595,2026-09-27,https://www.b2s.co.th/product/สีไม้ระบายน้ำ-faber-castell-48-สี-p.K091420,https://pim-cdn0.ofm.co.th/products/large/K091420.png,© B2S/OfficeMate - educational use only,
colored_pencil/maped_colorpeps_12colors.jpg,colored_pencil,ศิลปะและงานฝีมือ,b2s_K091454,Maped,สีไม้ MAPED รุ่น COLOR'PEPS 12 สี,178,2026-09-27,https://www.b2s.co.th/product/สีไม้-maped-รุ่น-colorpeps-12-สี-p.K091454,https://pim-cdn0.ofm.co.th/products/large/K091454.jpg,© B2S/OfficeMate - educational use only,
file_folder/bindermax_bb4002_envelope_f4_12pack.png,file_folder,แฟ้ม และ ซองเอกสาร,b2s_6092770,BinderMax,แฟ้มซองพลาสติก ไบน์เดอร์แม็กซ์ BB-4002 สีคละสี F4 (12ซอง/แพ็ค),92,2026-09-28,https://www.b2s.co.th/product/แฟ้มซองพลาสติก-ไบน์เดอร์แม็กซ์-bb-4002-สีคละสี-f4-12ซอง-แพ็ค-p.6092770,https://pim-cdn0.ofm.co.th/products/large/6092770.png,© B2S/OfficeMate - educational use only,
file_folder/elephant_2100f_lever_arch_f4_peach.jpg,file_folder,แฟ้ม และ ซองเอกสาร,b2s_6005239,Elephant,ELEPHANT แฟ้มสันกว้าง รุ่น 2100F ขนาด F4 สัน 3 นิ้ว สีพีช (ชมพูพาสเทล),115,2026-09-28,https://www.b2s.co.th/product/elephant-แฟ้มสันกว้าง-รุ่น-2100f-ขนาด-f4-สัน-3-นิ้ว-สีพีช-ชมพูพาสเทล-p.6005239,https://pim-cdn0.ofm.co.th/products/large/6005239.jpg,© B2S/OfficeMate - educational use only,
file_folder/one_string_envelope_a4_6pack.jpg,file_folder,แฟ้ม และ ซองเอกสาร,b2s_6092689,ONE,แฟ้มซองพลาสติกผูกเชือก A4 ONE สีขาวใส ขนาด 26 x 33 ซม. (6 ซอง/แพ็ค),31,2026-09-28,https://www.b2s.co.th/product/แฟ้มซองพลาสติกผูกเชือก-a4-one-สีขาวใส-ขนาด-26-x-33-ซม-6-ซอง-แพ็ค-p.6092689,https://pim-cdn0.ofm.co.th/products/large/6092689.jpg,© B2S/OfficeMate - educational use only,
